АРТИКУЛ,НАИМЕНОВАНИЕ ДЕТАЛИ,СОСТОЯНИЕ,МАРКА,МОДЕЛЬ,ВЕРСИЯ,НОМЕР ДЕТАЛИ,ОБЪЕМ ДВИГАТЕЛЯ,ГОД,L_R,F_R,U_D,ЦВЕТ,ОПИСАНИЕ DROM,КОЛИЧЕСТВО,ЦЕНА,НАЛИЧИЕ,СРОК ДОСТАВКИ,ФОТО
АРТИКУЛ: D-15961190941,Бампер передний,новая,Mercedes,A,W464,0051791937501,,2012,,,,,"Бампер передний Mercedes A W464 2012г.в., , ,.Будьте готовы назвать АРТИКУЛ: D-{artical}.{num_zap} Склад: {pricing}_{price}_PL. {status}. Задавайте, пожалуйста, вопросы непосредственно перед заключением сделки, остатки меняются ежедневно. Доставку осуществляем ТК сразу в ваш город. Срок доставки до Москвы 2-4 дня, бывают исключения,где сроки доставки могут увеличиться. Состояние вы оцениваете сами, по предоставленным фотографиям). Если деталь не понадобилась - возврат не рассматривается! По VIN автомобиля запчасти не подбираем, строго по заводскому номеру, указанному на детали. С Уважением, компания REPPART!",1,6285,под заказ,10-14 дня,https://motoallegro.net/ru/detail/prod-15961190941/
АРТИКУЛ: D-15934035114,Бампер передний,б/у,Mercedes,A,447,A4478851100,,2012,,,,,"Бампер передний Mercedes A 447 2012г.в., , ,.Будьте готовы назвать АРТИКУЛ: D-{artical}.{num_zap} Склад: {pricing}_{price}_PL. {status}. Задавайте, пожалуйста, вопросы непосредственно перед заключением сделки, остатки меняются ежедневно. Доставку осуществляем ТК сразу в ваш город. Срок доставки до Москвы 2-4 дня, бывают исключения,где сроки доставки могут увеличиться. Состояние вы оцениваете сами, по предоставленным фотографиям). Если деталь не понадобилась - возврат не рассматривается! По VIN автомобиля запчасти не подбираем, строго по заводскому номеру, указанному на детали. С Уважением, компания REPPART!",1,3544,под заказ,10-14 дня,https://motoallegro.net/ru/detail/prod-15934035114/
АРТИКУЛ: D-15522257239,Бампер передний,б/у,Mercedes,A,W177,A1778858705,,2012,,,,,"Бампер передний Mercedes A W177 2012г.в., , ,.Будьте готовы назвать АРТИКУЛ: D-{artical}.{num_zap} Склад: {pricing}_{price}_PL. {status}. Задавайте, пожалуйста, вопросы непосредственно перед заключением сделки, остатки меняются ежедневно. Доставку осуществляем ТК сразу в ваш город. Срок доставки до Москвы 2-4 дня, бывают исключения,где сроки доставки могут увеличиться. Состояние вы оцениваете сами, по предоставленным фотографиям). Если деталь не понадобилась - возврат не рассматривается! По VIN автомобиля запчасти не подбираем, строго по заводскому номеру, указанному на детали. С Уважением, компания REPPART!",1,247,под заказ,10-14 дня,https://motoallegro.net/ru/detail/prod-15522257239/
АРТИКУЛ: D-15733303377,Бампер передний,б/у,Mercedes,A,W222,A2228856100,,2012,,,,,"Бампер передний Mercedes A W222 2012г.в., , ,.Будьте готовы назвать АРТИКУЛ: D-{artical}.{num_zap} Склад: {pricing}_{price}_PL. {status}. Задавайте, пожалуйста, вопросы непосредственно перед заключением сделки, остатки меняются ежедневно. Доставку осуществляем ТК сразу в ваш город. Срок доставки до Москвы 2-4 дня, бывают исключения,где сроки доставки могут увеличиться. Состояние вы оцениваете сами, по предоставленным фотографиям). Если деталь не понадобилась - возврат не рассматривается! По VIN автомобиля запчасти не подбираем, строго по заводскому номеру, указанному на детали. С Уважением, компания REPPART!",1,318,под заказ,10-14 дня,https://motoallegro.net/ru/detail/prod-15733303377/
АРТИКУЛ: D-13638351486,Бампер передний,б/у,Mercedes,A,A217,A2178801447,,2012,,,,,"Бампер передний Mercedes A A217 2012г.в., , ,.Будьте готовы назвать АРТИКУЛ: D-{artical}.{num_zap} Склад: {pricing}_{price}_PL. {status}. Задавайте, пожалуйста, вопросы непосредственно перед заключением сделки, остатки меняются ежедневно. Доставку осуществляем ТК сразу в ваш город. Срок доставки до Москвы 2-4 дня, бывают исключения,где сроки доставки могут увеличиться. Состояние вы оцениваете сами, по предоставленным фотографиям). Если деталь не понадобилась - возврат не рассматривается! По VIN автомобиля запчасти не подбираем, строго по заводскому номеру, указанному на детали. С Уважением, компания REPPART!",1,2046,под заказ,10-14 дня,https://motoallegro.net/ru/detail/prod-13638351486/
АРТИКУЛ: D-14234085813,Бампер передний,новая,Mercedes,mercedes x класс w470 бампер передний перед оригинал,!!!!!!!,620225xa0a,,!!!!!!!!,,,,,"Бампер передний Mercedes mercedes x класс w470 бампер передний перед оригинал !!!!!!! !!!!!!!!г.в., , ,.Будьте готовы назвать АРТИКУЛ: D-{artical}.{num_zap} Склад: {pricing}_{price}_PL. {status}. Задавайте, пожалуйста, вопросы непосредственно перед заключением сделки, остатки меняются ежедневно. Доставку осуществляем ТК сразу в ваш город. Срок доставки до Москвы 2-4 дня, бывают исключения,где сроки доставки могут увеличиться. Состояние вы оцениваете сами, по предоставленным фотографиям). Если деталь не понадобилась - возврат не рассматривается! По VIN автомобиля запчасти не подбираем, строго по заводскому номеру, указанному на детали. С Уважением, компания REPPART!",1,108,под заказ,10-14 дня,https://motoallegro.net/ru/detail/prod-14234085813/
АРТИКУЛ: D-14204791408,Бампер передний,новая,Mercedes,mercedes e-kl w211 рестайлинг бампер передний перед оригинал,!!!!!!!,A211 880 0840,,!!!!!!!!,,,,,"Бампер передний Mercedes mercedes e-kl w211 рестайлинг бампер передний перед оригинал !!!!!!! !!!!!!!!г.в., , ,.Будьте готовы назвать АРТИКУЛ: D-{artical}.{num_zap} Склад: {pricing}_{price}_PL. {status}. Задавайте, пожалуйста, вопросы непосредственно перед заключением сделки, остатки меняются ежедневно. Доставку осуществляем ТК сразу в ваш город. Срок доставки до Москвы 2-4 дня, бывают исключения,где сроки доставки могут увеличиться. Состояние вы оцениваете сами, по предоставленным фотографиям). Если деталь не понадобилась - возврат не рассматривается! По VIN автомобиля запчасти не подбираем, строго по заводскому номеру, указанному на детали. С Уважением, компания REPPART!",1,151,под заказ,10-14 дня,https://motoallegro.net/ru/detail/prod-14204791408/
АРТИКУЛ: D-15978320987,Бампер передний,б/у,Mercedes,A,W447,A4478851000,,2012,,,,,"Бампер передний Mercedes A W447 2012г.в., , ,.Будьте готовы назвать АРТИКУЛ: D-{artical}.{num_zap} Склад: {pricing}_{price}_PL. {status}. Задавайте, пожалуйста, вопросы непосредственно перед заключением сделки, остатки меняются ежедневно. Доставку осуществляем ТК сразу в ваш город. Срок доставки до Москвы 2-4 дня, бывают исключения,где сроки доставки могут увеличиться. Состояние вы оцениваете сами, по предоставленным фотографиям). Если деталь не понадобилась - возврат не рассматривается! По VIN автомобиля запчасти не подбираем, строго по заводскому номеру, указанному на детали. С Уважением, компания REPPART!",1,488,под заказ,10-14 дня,https://motoallegro.net/ru/detail/prod-15978320987/
АРТИКУЛ: D-15978131456,Бампер передний,новая,Mercedes,A,W464,0051791937501,,2012,,,,,"Бампер передний Mercedes A W464 2012г.в., , ,.Будьте готовы назвать АРТИКУЛ: D-{artical}.{num_zap} Склад: {pricing}_{price}_PL. {status}. Задавайте, пожалуйста, вопросы непосредственно перед заключением сделки, остатки меняются ежедневно. Доставку осуществляем ТК сразу в ваш город. Срок доставки до Москвы 2-4 дня, бывают исключения,где сроки доставки могут увеличиться. Состояние вы оцениваете сами, по предоставленным фотографиям). Если деталь не понадобилась - возврат не рассматривается! По VIN автомобиля запчасти не подбираем, строго по заводскому номеру, указанному на детали. С Уважением, компания REPPART!",1,6285,под заказ,10-14 дня,https://motoallegro.net/ru/detail/prod-15978131456/
АРТИКУЛ: D-15977810416,Бампер передний,новая,Mercedes,A,W464,0051791939000,,2012,,,,,"Бампер передний Mercedes A W464 2012г.в., , ,.Будьте готовы назвать АРТИКУЛ: D-{artical}.{num_zap} Склад: {pricing}_{price}_PL. {status}. Задавайте, пожалуйста, вопросы непосредственно перед заключением сделки, остатки меняются ежедневно. Доставку осуществляем ТК сразу в ваш город. Срок доставки до Москвы 2-4 дня, бывают исключения,где сроки доставки могут увеличиться. Состояние вы оцениваете сами, по предоставленным фотографиям). Если деталь не понадобилась - возврат не рассматривается! По VIN автомобиля запчасти не подбираем, строго по заводскому номеру, указанному на детали. С Уважением, компания REPPART!",1,13522,под заказ,10-14 дня,https://motoallegro.net/ru/detail/prod-15977810416/
АРТИКУЛ: D-15977660957,Бампер передний,б/у,Mercedes,A,W217,A2178851025,,2012,,,,,"Бампер передний Mercedes A W217 2012г.в., , ,.Будьте готовы назвать АРТИКУЛ: D-{artical}.{num_zap} Склад: {pricing}_{price}_PL. {status}. Задавайте, пожалуйста, вопросы непосредственно перед заключением сделки, остатки меняются ежедневно. Доставку осуществляем ТК сразу в ваш город. Срок доставки до Москвы 2-4 дня, бывают исключения,где сроки доставки могут увеличиться. Состояние вы оцениваете сами, по предоставленным фотографиям). Если деталь не понадобилась - возврат не рассматривается! По VIN автомобиля запчасти не подбираем, строго по заводскому номеру, указанному на детали. С Уважением, компания REPPART!",1,2464,под заказ,10-14 дня,https://motoallegro.net/ru/detail/prod-15977660957/
АРТИКУЛ: D-15977550735,Бампер передний,б/у,Mercedes,A,222,A222880,,2012,,,,,"Бампер передний Mercedes A 222 2012г.в., , ,.Будьте готовы назвать АРТИКУЛ: D-{artical}.{num_zap} Склад: {pricing}_{price}_PL. {status}. Задавайте, пожалуйста, вопросы непосредственно перед заключением сделки, остатки меняются ежедневно. Доставку осуществляем ТК сразу в ваш город. Срок доставки до Москвы 2-4 дня, бывают исключения,где сроки доставки могут увеличиться. Состояние вы оцениваете сами, по предоставленным фотографиям). Если деталь не понадобилась - возврат не рассматривается! По VIN автомобиля запчасти не подбираем, строго по заводскому номеру, указанному на детали. С Уважением, компания REPPART!",1,4354,под заказ,10-14 дня,https://motoallegro.net/ru/detail/prod-15977550735/
АРТИКУЛ: D-15977540214,Бампер передний,б/у,Mercedes,A,222,A222880,,2012,,,,,"Бампер передний Mercedes A 222 2012г.в., , ,.Будьте готовы назвать АРТИКУЛ: D-{artical}.{num_zap} Склад: {pricing}_{price}_PL. {status}. Задавайте, пожалуйста, вопросы непосредственно перед заключением сделки, остатки меняются ежедневно. Доставку осуществляем ТК сразу в ваш город. Срок доставки до Москвы 2-4 дня, бывают исключения,где сроки доставки могут увеличиться. Состояние вы оцениваете сами, по предоставленным фотографиям). Если деталь не понадобилась - возврат не рассматривается! По VIN автомобиля запчасти не подбираем, строго по заводскому номеру, указанному на детали. С Уважением, компания REPPART!",1,4692,под заказ,10-14 дня,https://motoallegro.net/ru/detail/prod-15977540214/
АРТИКУЛ: D-15977530405,Бампер передний,б/у,Mercedes,A,W205,A2058850925,,2012,,,,,"Бампер передний Mercedes A W205 2012г.в., , ,.Будьте готовы назвать АРТИКУЛ: D-{artical}.{num_zap} Склад: {pricing}_{price}_PL. {status}. Задавайте, пожалуйста, вопросы непосредственно перед заключением сделки, остатки меняются ежедневно. Доставку осуществляем ТК сразу в ваш город. Срок доставки до Москвы 2-4 дня, бывают исключения,где сроки доставки могут увеличиться. Состояние вы оцениваете сами, по предоставленным фотографиям). Если деталь не понадобилась - возврат не рассматривается! По VIN автомобиля запчасти не подбираем, строго по заводскому номеру, указанному на детали. С Уважением, компания REPPART!",1,492,под заказ,10-14 дня,https://motoallegro.net/ru/detail/prod-15977530405/
АРТИКУЛ: D-15977464044,Бампер передний,б/у,Mercedes,A,W205,A2058851101,,2012,,,,,"Бампер передний Mercedes A W205 2012г.в., , ,.Будьте готовы назвать АРТИКУЛ: D-{artical}.{num_zap} Склад: {pricing}_{price}_PL. {status}. Задавайте, пожалуйста, вопросы непосредственно перед заключением сделки, остатки меняются ежедневно. Доставку осуществляем ТК сразу в ваш город. Срок доставки до Москвы 2-4 дня, бывают исключения,где сроки доставки могут увеличиться. Состояние вы оцениваете сами, по предоставленным фотографиям). Если деталь не понадобилась - возврат не рассматривается! По VIN автомобиля запчасти не подбираем, строго по заводскому номеру, указанному на детали. С Уважением, компания REPPART!",1,199,под заказ,10-14 дня,https://motoallegro.net/ru/detail/prod-15977464044/
АРТИКУЛ: D-15977397405,крепления для Бампер передний,б/у,Mercedes,A,206,A2068857001,,2012,,,,,"крепления для Бампер передний Mercedes A 206 2012г.в., , ,.Будьте готовы назвать АРТИКУЛ: D-{artical}.{num_zap} Склад: {pricing}_{price}_PL. {status}. Задавайте, пожалуйста, вопросы непосредственно перед заключением сделки, остатки меняются ежедневно. Доставку осуществляем ТК сразу в ваш город. Срок доставки до Москвы 2-4 дня, бывают исключения,где сроки доставки могут увеличиться. Состояние вы оцениваете сами, по предоставленным фотографиям). Если деталь не понадобилась - возврат не рассматривается! По VIN автомобиля запчасти не подбираем, строго по заводскому номеру, указанному на детали. С Уважением, компания REPPART!",1,53,под заказ,10-14 дня,https://motoallegro.net/ru/detail/prod-15977397405/
АРТИКУЛ: D-12822029168,Бампер передний,б/у,Mercedes,A,W246,A2468850525,,2012,,,,,"Бампер передний Mercedes A W246 2012г.в., , ,.Будьте готовы назвать АРТИКУЛ: D-{artical}.{num_zap} Склад: {pricing}_{price}_PL. {status}. Задавайте, пожалуйста, вопросы непосредственно перед заключением сделки, остатки меняются ежедневно. Доставку осуществляем ТК сразу в ваш город. Срок доставки до Москвы 2-4 дня, бывают исключения,где сроки доставки могут увеличиться. Состояние вы оцениваете сами, по предоставленным фотографиям). Если деталь не понадобилась - возврат не рассматривается! По VIN автомобиля запчасти не подбираем, строго по заводскому номеру, указанному на детали. С Уважением, компания REPPART!",1,151,под заказ,10-14 дня,https://motoallegro.net/ru/detail/prod-12822029168/
АРТИКУЛ: D-15976614181,Бампер передний,новая,Mercedes,A,W246,A2468800600,,2012,,,,,"Бампер передний Mercedes A W246 2012г.в., , ,.Будьте готовы назвать АРТИКУЛ: D-{artical}.{num_zap} Склад: {pricing}_{price}_PL. {status}. Задавайте, пожалуйста, вопросы непосредственно перед заключением сделки, остатки меняются ежедневно. Доставку осуществляем ТК сразу в ваш город. Срок доставки до Москвы 2-4 дня, бывают исключения,где сроки доставки могут увеличиться. Состояние вы оцениваете сами, по предоставленным фотографиям). Если деталь не понадобилась - возврат не рассматривается! По VIN автомобиля запчасти не подбираем, строго по заводскому номеру, указанному на детали. С Уважением, компания REPPART!",1,2047,под заказ,10-14 дня,https://motoallegro.net/ru/detail/prod-15976614181/
АРТИКУЛ: D-14223481407,Бампер передний,новая,Mercedes,A,W176,A1768853625,,2012,,,,,"Бампер передний Mercedes A W176 2012г.в., , ,.Будьте готовы назвать АРТИКУЛ: D-{artical}.{num_zap} Склад: {pricing}_{price}_PL. {status}. Задавайте, пожалуйста, вопросы непосредственно перед заключением сделки, остатки меняются ежедневно. Доставку осуществляем ТК сразу в ваш город. Срок доставки до Москвы 2-4 дня, бывают исключения,где сроки доставки могут увеличиться. Состояние вы оцениваете сами, по предоставленным фотографиям). Если деталь не понадобилась - возврат не рассматривается! По VIN автомобиля запчасти не подбираем, строго по заводскому номеру, указанному на детали. С Уважением, компания REPPART!",1,208,под заказ,10-14 дня,https://motoallegro.net/ru/detail/prod-14223481407/
АРТИКУЛ: D-15976238818,Бампер передний,новая,Mercedes,A,W213,W213,,2012,,,,,"Бампер передний Mercedes A W213 2012г.в., , ,.Будьте готовы назвать АРТИКУЛ: D-{artical}.{num_zap} Склад: {pricing}_{price}_PL. {status}. Задавайте, пожалуйста, вопросы непосредственно перед заключением сделки, остатки меняются ежедневно. Доставку осуществляем ТК сразу в ваш город. Срок доставки до Москвы 2-4 дня, бывают исключения,где сроки доставки могут увеличиться. Состояние вы оцениваете сами, по предоставленным фотографиям). Если деталь не понадобилась - возврат не рассматривается! По VIN автомобиля запчасти не подбираем, строго по заводскому номеру, указанному на детали. С Уважением, компания REPPART!",1,167,под заказ,10-14 дня,https://motoallegro.net/ru/detail/prod-15976238818/
АРТИКУЛ: D-15976149207,Бампер передний,новая,Mercedes,A,W203,A2038850025,,2012,,,,,"Бампер передний Mercedes A W203 2012г.в., , ,.Будьте готовы назвать АРТИКУЛ: D-{artical}.{num_zap} Склад: {pricing}_{price}_PL. {status}. Задавайте, пожалуйста, вопросы непосредственно перед заключением сделки, остатки меняются ежедневно. Доставку осуществляем ТК сразу в ваш город. Срок доставки до Москвы 2-4 дня, бывают исключения,где сроки доставки могут увеличиться. Состояние вы оцениваете сами, по предоставленным фотографиям). Если деталь не понадобилась - возврат не рассматривается! По VIN автомобиля запчасти не подбираем, строго по заводскому номеру, указанному на детали. С Уважением, компания REPPART!",1,470,под заказ,10-14 дня,https://motoallegro.net/ru/detail/prod-15976149207/
АРТИКУЛ: D-15976148152,Бампер передний,новая,Mercedes,A,W205,A20588001409999,,2012,,,,,"Бампер передний Mercedes A W205 2012г.в., , ,.Будьте готовы назвать АРТИКУЛ: D-{artical}.{num_zap} Склад: {pricing}_{price}_PL. {status}. Задавайте, пожалуйста, вопросы непосредственно перед заключением сделки, остатки меняются ежедневно. Доставку осуществляем ТК сразу в ваш город. Срок доставки до Москвы 2-4 дня, бывают исключения,где сроки доставки могут увеличиться. Состояние вы оцениваете сами, по предоставленным фотографиям). Если деталь не понадобилась - возврат не рассматривается! По VIN автомобиля запчасти не подбираем, строго по заводскому номеру, указанному на детали. С Уважением, компания REPPART!",1,338,под заказ,10-14 дня,https://motoallegro.net/ru/detail/prod-15976148152/
АРТИКУЛ: D-15976145943,Бампер передний,новая,Mercedes,бампер передний mercedes бензин s-kl w140 04.91--,!!!!!!!,A1408801970,,!!!!!!!!,,,,,"Бампер передний Mercedes бампер передний mercedes бензин s-kl w140 04.91-- !!!!!!! !!!!!!!!г.в., , ,.Будьте готовы назвать АРТИКУЛ: D-{artical}.{num_zap} Склад: {pricing}_{price}_PL. {status}. Задавайте, пожалуйста, вопросы непосредственно перед заключением сделки, остатки меняются ежедневно. Доставку осуществляем ТК сразу в ваш город. Срок доставки до Москвы 2-4 дня, бывают исключения,где сроки доставки могут увеличиться. Состояние вы оцениваете сами, по предоставленным фотографиям). Если деталь не понадобилась - возврат не рассматривается! По VIN автомобиля запчасти не подбираем, строго по заводскому номеру, указанному на детали. С Уважением, компания REPPART!",1,886,под заказ,10-14 дня,https://motoallegro.net/ru/detail/prod-15976145943/
АРТИКУЛ: D-15969162591,Бампер передний,б/у,Mercedes,A,W176,W176,,2012,,,,,"Бампер передний Mercedes A W176 2012г.в., , ,.Будьте готовы назвать АРТИКУЛ: D-{artical}.{num_zap} Склад: {pricing}_{price}_PL. {status}. Задавайте, пожалуйста, вопросы непосредственно перед заключением сделки, остатки меняются ежедневно. Доставку осуществляем ТК сразу в ваш город. Срок доставки до Москвы 2-4 дня, бывают исключения,где сроки доставки могут увеличиться. Состояние вы оцениваете сами, по предоставленным фотографиям). Если деталь не понадобилась - возврат не рассматривается! По VIN автомобиля запчасти не подбираем, строго по заводскому номеру, указанному на детали. С Уважением, компания REPPART!",1,130,под заказ,10-14 дня,https://motoallegro.net/ru/detail/prod-15969162591/
АРТИКУЛ: D-15975964126,Бампер передний,новая,Mercedes,A,W206,A2068859201,,2012,,,,,"Бампер передний Mercedes A W206 2012г.в., , ,.Будьте готовы назвать АРТИКУЛ: D-{artical}.{num_zap} Склад: {pricing}_{price}_PL. {status}. Задавайте, пожалуйста, вопросы непосредственно перед заключением сделки, остатки меняются ежедневно. Доставку осуществляем ТК сразу в ваш город. Срок доставки до Москвы 2-4 дня, бывают исключения,где сроки доставки могут увеличиться. Состояние вы оцениваете сами, по предоставленным фотографиям). Если деталь не понадобилась - возврат не рассматривается! По VIN автомобиля запчасти не подбираем, строго по заводскому номеру, указанному на детали. С Уважением, компания REPPART!",1,1942,под заказ,10-14 дня,https://motoallegro.net/ru/detail/prod-15975964126/
АРТИКУЛ: D-15961190941,Бампер передний,новая,Mercedes,A,W464,0051791937501,,2012,,,,,"Бампер передний Mercedes A W464 2012г.в., , ,.Будьте готовы назвать АРТИКУЛ: D-{artical}.{num_zap} Склад: {pricing}_{price}_PL. {status}. Задавайте, пожалуйста, вопросы непосредственно перед заключением сделки, остатки меняются ежедневно. Доставку осуществляем ТК сразу в ваш город. Срок доставки до Москвы 2-4 дня, бывают исключения,где сроки доставки могут увеличиться. Состояние вы оцениваете сами, по предоставленным фотографиям). Если деталь не понадобилась - возврат не рассматривается! По VIN автомобиля запчасти не подбираем, строго по заводскому номеру, указанному на детали. С Уважением, компания REPPART!",1,6285,под заказ,10-14 дня,https://motoallegro.net/ru/detail/prod-15961190941/
АРТИКУЛ: D-15934035114,Бампер передний,б/у,Mercedes,A,447,A4478851100,,2012,,,,,"Бампер передний Mercedes A 447 2012г.в., , ,.Будьте готовы назвать АРТИКУЛ: D-{artical}.{num_zap} Склад: {pricing}_{price}_PL. {status}. Задавайте, пожалуйста, вопросы непосредственно перед заключением сделки, остатки меняются ежедневно. Доставку осуществляем ТК сразу в ваш город. Срок доставки до Москвы 2-4 дня, бывают исключения,где сроки доставки могут увеличиться. Состояние вы оцениваете сами, по предоставленным фотографиям). Если деталь не понадобилась - возврат не рассматривается! По VIN автомобиля запчасти не подбираем, строго по заводскому номеру, указанному на детали. С Уважением, компания REPPART!",1,3544,под заказ,10-14 дня,https://motoallegro.net/ru/detail/prod-15934035114/
АРТИКУЛ: D-15522257239,Бампер передний,б/у,Mercedes,A,W177,A1778858705,,2012,,,,,"Бампер передний Mercedes A W177 2012г.в., , ,.Будьте готовы назвать АРТИКУЛ: D-{artical}.{num_zap} Склад: {pricing}_{price}_PL. {status}. Задавайте, пожалуйста, вопросы непосредственно перед заключением сделки, остатки меняются ежедневно. Доставку осуществляем ТК сразу в ваш город. Срок доставки до Москвы 2-4 дня, бывают исключения,где сроки доставки могут увеличиться. Состояние вы оцениваете сами, по предоставленным фотографиям). Если деталь не понадобилась - возврат не рассматривается! По VIN автомобиля запчасти не подбираем, строго по заводскому номеру, указанному на детали. С Уважением, компания REPPART!",1,247,под заказ,10-14 дня,https://motoallegro.net/ru/detail/prod-15522257239/
АРТИКУЛ: D-15733303377,Бампер передний,б/у,Mercedes,A,W222,A2228856100,,2012,,,,,"Бампер передний Mercedes A W222 2012г.в., , ,.Будьте готовы назвать АРТИКУЛ: D-{artical}.{num_zap} Склад: {pricing}_{price}_PL. {status}. Задавайте, пожалуйста, вопросы непосредственно перед заключением сделки, остатки меняются ежедневно. Доставку осуществляем ТК сразу в ваш город. Срок доставки до Москвы 2-4 дня, бывают исключения,где сроки доставки могут увеличиться. Состояние вы оцениваете сами, по предоставленным фотографиям). Если деталь не понадобилась - возврат не рассматривается! По VIN автомобиля запчасти не подбираем, строго по заводскому номеру, указанному на детали. С Уважением, компания REPPART!",1,318,под заказ,10-14 дня,https://motoallegro.net/ru/detail/prod-15733303377/
АРТИКУЛ: D-13638351486,Бампер передний,б/у,Mercedes,A,A217,A2178801447,,2012,,,,,"Бампер передний Mercedes A A217 2012г.в., , ,.Будьте готовы назвать АРТИКУЛ: D-{artical}.{num_zap} Склад: {pricing}_{price}_PL. {status}. Задавайте, пожалуйста, вопросы непосредственно перед заключением сделки, остатки меняются ежедневно. Доставку осуществляем ТК сразу в ваш город. Срок доставки до Москвы 2-4 дня, бывают исключения,где сроки доставки могут увеличиться. Состояние вы оцениваете сами, по предоставленным фотографиям). Если деталь не понадобилась - возврат не рассматривается! По VIN автомобиля запчасти не подбираем, строго по заводскому номеру, указанному на детали. С Уважением, компания REPPART!",1,2046,под заказ,10-14 дня,https://motoallegro.net/ru/detail/prod-13638351486/
АРТИКУЛ: D-15980395369,Бампер передний,б/у,Mercedes,бампер передний mercedes a класс w169 2004 2005 2006 2007 2008,!!!!!!!,A16988850525,,!!!!!!!!,,,,,"Бампер передний Mercedes бампер передний mercedes a класс w169 2004 2005 2006 2007 2008 !!!!!!! !!!!!!!!г.в., , ,.Будьте готовы назвать АРТИКУЛ: D-{artical}.{num_zap} Склад: {pricing}_{price}_PL. {status}. Задавайте, пожалуйста, вопросы непосредственно перед заключением сделки, остатки меняются ежедневно. Доставку осуществляем ТК сразу в ваш город. Срок доставки до Москвы 2-4 дня, бывают исключения,где сроки доставки могут увеличиться. Состояние вы оцениваете сами, по предоставленным фотографиям). Если деталь не понадобилась - возврат не рассматривается! По VIN автомобиля запчасти не подбираем, строго по заводскому номеру, указанному на детали. С Уважением, компания REPPART!",1,129,под заказ,10-14 дня,https://motoallegro.net/ru/detail/prod-15980395369/
АРТИКУЛ: D-15980256870,Бампер передний,новая,Mercedes,mercedes gla в 156 перед рестайлинг бампер перед передний в цвет состояние новое оригинал m,!!!!!!!,A1568800035-01,,!!!!!!!!,,,,,"Бампер передний Mercedes mercedes gla в 156 перед рестайлинг бампер перед передний в цвет состояние новое оригинал m !!!!!!! !!!!!!!!г.в., , ,.Будьте готовы назвать АРТИКУЛ: D-{artical}.{num_zap} Склад: {pricing}_{price}_PL. {status}. Задавайте, пожалуйста, вопросы непосредственно перед заключением сделки, остатки меняются ежедневно. Доставку осуществляем ТК сразу в ваш город. Срок доставки до Москвы 2-4 дня, бывают исключения,где сроки доставки могут увеличиться. Состояние вы оцениваете сами, по предоставленным фотографиям). Если деталь не понадобилась - возврат не рассматривается! По VIN автомобиля запчасти не подбираем, строго по заводскому номеру, указанному на детали. С Уважением, компания REPPART!",1,875,под заказ,10-14 дня,https://motoallegro.net/ru/detail/prod-15980256870/
АРТИКУЛ: D-15980239949,Бампер передний,новая,Mercedes,mercedes b класс в 245 рестайлинг бампер перед передний ксенон парктроники хром оригинал,!!!!!!!,A2458859825-1,,!!!!!!!!,,,,,"Бампер передний Mercedes mercedes b класс в 245 рестайлинг бампер перед передний ксенон парктроники хром оригинал !!!!!!! !!!!!!!!г.в., , ,.Будьте готовы назвать АРТИКУЛ: D-{artical}.{num_zap} Склад: {pricing}_{price}_PL. {status}. Задавайте, пожалуйста, вопросы непосредственно перед заключением сделки, остатки меняются ежедневно. Доставку осуществляем ТК сразу в ваш город. Срок доставки до Москвы 2-4 дня, бывают исключения,где сроки доставки могут увеличиться. Состояние вы оцениваете сами, по предоставленным фотографиям). Если деталь не понадобилась - возврат не рассматривается! По VIN автомобиля запчасти не подбираем, строго по заводскому номеру, указанному на детали. С Уважением, компания REPPART!",1,959,под заказ,10-14 дня,https://motoallegro.net/ru/detail/prod-15980239949/
АРТИКУЛ: D-15980177232,Бампер передний,новая,Mercedes,A,447,A4478205699-1,,2012,,,,,"Бампер передний Mercedes A 447 2012г.в., , ,.Будьте готовы назвать АРТИКУЛ: D-{artical}.{num_zap} Склад: {pricing}_{price}_PL. {status}. Задавайте, пожалуйста, вопросы непосредственно перед заключением сделки, остатки меняются ежедневно. Доставку осуществляем ТК сразу в ваш город. Срок доставки до Москвы 2-4 дня, бывают исключения,где сроки доставки могут увеличиться. Состояние вы оцениваете сами, по предоставленным фотографиям). Если деталь не понадобилась - возврат не рассматривается! По VIN автомобиля запчасти не подбираем, строго по заводскому номеру, указанному на детали. С Уважением, компания REPPART!",1,875,под заказ,10-14 дня,https://motoallegro.net/ru/detail/prod-15980177232/
АРТИКУЛ: D-15980144638,Бампер передний,новая,Mercedes,mercedes a класс в 176 по рестайлинг 45 mercedes бампер перед передний идеал оригинал,!!!!!!!,A1766205599-2,,!!!!!!!!,,,,,"Бампер передний Mercedes mercedes a класс в 176 по рестайлинг 45 mercedes бампер перед передний идеал оригинал !!!!!!! !!!!!!!!г.в., , ,.Будьте готовы назвать АРТИКУЛ: D-{artical}.{num_zap} Склад: {pricing}_{price}_PL. {status}. Задавайте, пожалуйста, вопросы непосредственно перед заключением сделки, остатки меняются ежедневно. Доставку осуществляем ТК сразу в ваш город. Срок доставки до Москвы 2-4 дня, бывают исключения,где сроки доставки могут увеличиться. Состояние вы оцениваете сами, по предоставленным фотографиям). Если деталь не понадобилась - возврат не рассматривается! По VIN автомобиля запчасти не подбираем, строго по заводскому номеру, указанному на детали. С Уважением, компания REPPART!",1,579,под заказ,10-14 дня,https://motoallegro.net/ru/detail/prod-15980144638/
АРТИКУЛ: D-15980135508,Бампер передний,новая,Mercedes,mercedes w238 кабриолет купе бампер перед передний датчик комплект проводов дефлектор,!!!!!!!,A2139051500,,!!!!!!!!,,,,,"Бампер передний Mercedes mercedes w238 кабриолет купе бампер перед передний датчик комплект проводов дефлектор !!!!!!! !!!!!!!!г.в., , ,.Будьте готовы назвать АРТИКУЛ: D-{artical}.{num_zap} Склад: {pricing}_{price}_PL. {status}. Задавайте, пожалуйста, вопросы непосредственно перед заключением сделки, остатки меняются ежедневно. Доставку осуществляем ТК сразу в ваш город. Срок доставки до Москвы 2-4 дня, бывают исключения,где сроки доставки могут увеличиться. Состояние вы оцениваете сами, по предоставленным фотографиям). Если деталь не понадобилась - возврат не рассматривается! По VIN автомобиля запчасти не подбираем, строго по заводскому номеру, указанному на детали. С Уважением, компания REPPART!",1,762,под заказ,10-14 дня,https://motoallegro.net/ru/detail/prod-15980135508/
АРТИКУЛ: D-15980135104,Бампер передний,новая,Mercedes,mercedes a класс в 176 по рестайлинг mercedes бампер перед передний под парктроники оригинал m,!!!!!!!,A1766205599-03,,!!!!!!!!,,,,,"Бампер передний Mercedes mercedes a класс в 176 по рестайлинг mercedes бампер перед передний под парктроники оригинал m !!!!!!! !!!!!!!!г.в., , ,.Будьте готовы назвать АРТИКУЛ: D-{artical}.{num_zap} Склад: {pricing}_{price}_PL. {status}. Задавайте, пожалуйста, вопросы непосредственно перед заключением сделки, остатки меняются ежедневно. Доставку осуществляем ТК сразу в ваш город. Срок доставки до Москвы 2-4 дня, бывают исключения,где сроки доставки могут увеличиться. Состояние вы оцениваете сами, по предоставленным фотографиям). Если деталь не понадобилась - возврат не рассматривается! По VIN автомобиля запчасти не подбираем, строго по заводскому номеру, указанному на детали. С Уважением, компания REPPART!",1,446,под заказ,10-14 дня,https://motoallegro.net/ru/detail/prod-15980135104/
АРТИКУЛ: D-15980097005,Бампер передний,новая,Mercedes,mercedes b класс в 246 рестайлинг бампер перед передний без датчиков парктроники оригинал,!!!!!!!,A2466205599-02,,!!!!!!!!,,,,,"Бампер передний Mercedes mercedes b класс в 246 рестайлинг бампер перед передний без датчиков парктроники оригинал !!!!!!! !!!!!!!!г.в., , ,.Будьте готовы назвать АРТИКУЛ: D-{artical}.{num_zap} Склад: {pricing}_{price}_PL. {status}. Задавайте, пожалуйста, вопросы непосредственно перед заключением сделки, остатки меняются ежедневно. Доставку осуществляем ТК сразу в ваш город. Срок доставки до Москвы 2-4 дня, бывают исключения,где сроки доставки могут увеличиться. Состояние вы оцениваете сами, по предоставленным фотографиям). Если деталь не понадобилась - возврат не рассматривается! По VIN автомобиля запчасти не подбираем, строго по заводскому номеру, указанному на детали. С Уважением, компания REPPART!",1,446,под заказ,10-14 дня,https://motoallegro.net/ru/detail/prod-15980097005/
АРТИКУЛ: D-15979990711,Бампер передний,б/у,Mercedes,A,W246,A2468850525,,2012,,,,,"Бампер передний Mercedes A W246 2012г.в., , ,.Будьте готовы назвать АРТИКУЛ: D-{artical}.{num_zap} Склад: {pricing}_{price}_PL. {status}. Задавайте, пожалуйста, вопросы непосредственно перед заключением сделки, остатки меняются ежедневно. Доставку осуществляем ТК сразу в ваш город. Срок доставки до Москвы 2-4 дня, бывают исключения,где сроки доставки могут увеличиться. Состояние вы оцениваете сами, по предоставленным фотографиям). Если деталь не понадобилась - возврат не рассматривается! По VIN автомобиля запчасти не подбираем, строго по заводскому номеру, указанному на детали. С Уважением, компания REPPART!",1,474,под заказ,10-14 дня,https://motoallegro.net/ru/detail/prod-15979990711/
АРТИКУЛ: D-14460106783,Бампер передний,б/у,Mercedes,A,W247,A2478857102,,2012,,,,,"Бампер передний Mercedes A W247 2012г.в., , ,.Будьте готовы назвать АРТИКУЛ: D-{artical}.{num_zap} Склад: {pricing}_{price}_PL. {status}. Задавайте, пожалуйста, вопросы непосредственно перед заключением сделки, остатки меняются ежедневно. Доставку осуществляем ТК сразу в ваш город. Срок доставки до Москвы 2-4 дня, бывают исключения,где сроки доставки могут увеличиться. Состояние вы оцениваете сами, по предоставленным фотографиям). Если деталь не понадобилась - возврат не рассматривается! По VIN автомобиля запчасти не подбираем, строго по заводскому номеру, указанному на детали. С Уважением, компания REPPART!",1,210,под заказ,10-14 дня,https://motoallegro.net/ru/detail/prod-14460106783/
АРТИКУЛ: D-15419411166,Бампер передний,б/у,Mercedes,A,W177,A1778851905,,2012,,,,,"Бампер передний Mercedes A W177 2012г.в., , ,.Будьте готовы назвать АРТИКУЛ: D-{artical}.{num_zap} Склад: {pricing}_{price}_PL. {status}. Задавайте, пожалуйста, вопросы непосредственно перед заключением сделки, остатки меняются ежедневно. Доставку осуществляем ТК сразу в ваш город. Срок доставки до Москвы 2-4 дня, бывают исключения,где сроки доставки могут увеличиться. Состояние вы оцениваете сами, по предоставленным фотографиям). Если деталь не понадобилась - возврат не рассматривается! По VIN автомобиля запчасти не подбираем, строго по заводскому номеру, указанному на детали. С Уважением, компания REPPART!",1,471,под заказ,10-14 дня,https://motoallegro.net/ru/detail/prod-15419411166/
АРТИКУЛ: D-15979270527,Бампер передний,б/у,Mercedes,A,W177,1778856500,,2012,,,,,"Бампер передний Mercedes A W177 2012г.в., , ,.Будьте готовы назвать АРТИКУЛ: D-{artical}.{num_zap} Склад: {pricing}_{price}_PL. {status}. Задавайте, пожалуйста, вопросы непосредственно перед заключением сделки, остатки меняются ежедневно. Доставку осуществляем ТК сразу в ваш город. Срок доставки до Москвы 2-4 дня, бывают исключения,где сроки доставки могут увеличиться. Состояние вы оцениваете сами, по предоставленным фотографиям). Если деталь не понадобилась - возврат не рассматривается! По VIN автомобиля запчасти не подбираем, строго по заводскому номеру, указанному на детали. С Уважением, компания REPPART!",1,33,под заказ,10-14 дня,https://motoallegro.net/ru/detail/prod-15979270527/
АРТИКУЛ: D-15979103480,Бампер передний,новая,,,,EDS-ME-064,,,,,,,"Бампер передний    г.в., , ,.Будьте готовы назвать АРТИКУЛ: D-{artical}.{num_zap} Склад: {pricing}_{price}_PL. {status}. Задавайте, пожалуйста, вопросы непосредственно перед заключением сделки, остатки меняются ежедневно. Доставку осуществляем ТК сразу в ваш город. Срок доставки до Москвы 2-4 дня, бывают исключения,где сроки доставки могут увеличиться. Состояние вы оцениваете сами, по предоставленным фотографиям). Если деталь не понадобилась - возврат не рассматривается! По VIN автомобиля запчасти не подбираем, строго по заводскому номеру, указанному на детали. С Уважением, компания REPPART!",1,27,под заказ,10-14 дня,https://motoallegro.net/ru/detail/prod-15979103480/
АРТИКУЛ: D-15964261780,Бампер передний,б/у,Mercedes,A,W212,A2128853674,,2012,,,,,"Бампер передний Mercedes A W212 2012г.в., , ,.Будьте готовы назвать АРТИКУЛ: D-{artical}.{num_zap} Склад: {pricing}_{price}_PL. {status}. Задавайте, пожалуйста, вопросы непосредственно перед заключением сделки, остатки меняются ежедневно. Доставку осуществляем ТК сразу в ваш город. Срок доставки до Москвы 2-4 дня, бывают исключения,где сроки доставки могут увеличиться. Состояние вы оцениваете сами, по предоставленным фотографиям). Если деталь не понадобилась - возврат не рассматривается! По VIN автомобиля запчасти не подбираем, строго по заводскому номеру, указанному на детали. С Уважением, компания REPPART!",1,516,под заказ,10-14 дня,https://motoallegro.net/ru/detail/prod-15964261780/
АРТИКУЛ: D-15978897818,Бампер передний,б/у,Mercedes,A,W213,A2138850238,,2012,,,,,"Бампер передний Mercedes A W213 2012г.в., , ,.Будьте готовы назвать АРТИКУЛ: D-{artical}.{num_zap} Склад: {pricing}_{price}_PL. {status}. Задавайте, пожалуйста, вопросы непосредственно перед заключением сделки, остатки меняются ежедневно. Доставку осуществляем ТК сразу в ваш город. Срок доставки до Москвы 2-4 дня, бывают исключения,где сроки доставки могут увеличиться. Состояние вы оцениваете сами, по предоставленным фотографиям). Если деталь не понадобилась - возврат не рассматривается! По VIN автомобиля запчасти не подбираем, строго по заводскому номеру, указанному на детали. С Уважением, компания REPPART!",1,239,под заказ,10-14 дня,https://motoallegro.net/ru/detail/prod-15978897818/
АРТИКУЛ: D-15978797549,Бампер передний,б/у,Mercedes,A,W205,A2058856002,,2012,,,,,"Бампер передний Mercedes A W205 2012г.в., , ,.Будьте готовы назвать АРТИКУЛ: D-{artical}.{num_zap} Склад: {pricing}_{price}_PL. {status}. Задавайте, пожалуйста, вопросы непосредственно перед заключением сделки, остатки меняются ежедневно. Доставку осуществляем ТК сразу в ваш город. Срок доставки до Москвы 2-4 дня, бывают исключения,где сроки доставки могут увеличиться. Состояние вы оцениваете сами, по предоставленным фотографиям). Если деталь не понадобилась - возврат не рассматривается! По VIN автомобиля запчасти не подбираем, строго по заводскому номеру, указанному на детали. С Уважением, компания REPPART!",1,229,под заказ,10-14 дня,https://motoallegro.net/ru/detail/prod-15978797549/
АРТИКУЛ: D-15978745822,Бампер передний,новая,Mercedes,A,906,FT91032G,,2012,,,,,"Бампер передний Mercedes A 906 2012г.в., , ,.Будьте готовы назвать АРТИКУЛ: D-{artical}.{num_zap} Склад: {pricing}_{price}_PL. {status}. Задавайте, пожалуйста, вопросы непосредственно перед заключением сделки, остатки меняются ежедневно. Доставку осуществляем ТК сразу в ваш город. Срок доставки до Москвы 2-4 дня, бывают исключения,где сроки доставки могут увеличиться. Состояние вы оцениваете сами, по предоставленным фотографиям). Если деталь не понадобилась - возврат не рассматривается! По VIN автомобиля запчасти не подбираем, строго по заводскому номеру, указанному на детали. С Уважением, компания REPPART!",1,181,под заказ,10-14 дня,https://motoallegro.net/ru/detail/prod-15978745822/
