ПРОИЗВОДИТЕЛЬ,НОМЕР ДЕТАЛИ,НАИМЕНОВАНИЕ ДЕТАЛИ,ОПИСАНИЕ ZZAP,ЦЕНА,СОСТОЯНИЕ,СРОК ДОСТАВКИ,ФОТО
другой (0000),0051791937501,Бампер передний,"Mercedes A W464 2012г.в., , , ,. Будьте готовы назвать АРТИКУЛ: Z-15961190941.0051791937501 Склад: 4_6285_PL. новая.",6285,новая,10-14 дня,https://motoallegro.net/ru/detail/prod-15961190941/
mercedes-benz с,A4478851100,Бампер передний,"Mercedes A 447 2012г.в., , , ,. Будьте готовы назвать АРТИКУЛ: Z-15934035114.A4478851100 Склад: 4_3544_PL. б/у.",3544,б/у,10-14 дня,https://motoallegro.net/ru/detail/prod-15934035114/
mercedes-benz с,A1778858705,Бампер передний,"Mercedes A W177 2012г.в., , , ,. Будьте готовы назвать АРТИКУЛ: Z-15522257239.A1778858705 Склад: 4_247_PL. б/у.",247,б/у,10-14 дня,https://motoallegro.net/ru/detail/prod-15522257239/
mercedes-benz с,A2228856100,Бампер передний,"Mercedes A W222 2012г.в., , , ,. Будьте готовы назвать АРТИКУЛ: Z-15733303377.A2228856100 Склад: 4_318_PL. б/у.",318,б/у,10-14 дня,https://motoallegro.net/ru/detail/prod-15733303377/
mercedes-benz с,A2178801447,Бампер передний,"Mercedes A A217 2012г.в., , , ,. Будьте готовы назвать АРТИКУЛ: Z-13638351486.A2178801447 Склад: 4_2046_PL. б/у.",2046,б/у,10-14 дня,https://motoallegro.net/ru/detail/prod-13638351486/
mercedes-benz с,620225xa0a,Бампер передний,"Mercedes mercedes x класс w470 бампер передний перед оригинал !!!!!!! !!!!!!!!г.в., , , ,. Будьте готовы назвать АРТИКУЛ: Z-14234085813.620225xa0a Склад: 4_108_PL. новая.",108,новая,10-14 дня,https://motoallegro.net/ru/detail/prod-14234085813/
mercedes-benz с,A211 880 0840,Бампер передний,"Mercedes mercedes e-kl w211 рестайлинг бампер передний перед оригинал !!!!!!! !!!!!!!!г.в., , , ,. Будьте готовы назвать АРТИКУЛ: Z-14204791408.A211 880 0840 Склад: 4_151_PL. новая.",151,новая,10-14 дня,https://motoallegro.net/ru/detail/prod-14204791408/
mercedes-benz с,A4478851000,Бампер передний,"Mercedes A W447 2012г.в., , , ,. Будьте готовы назвать АРТИКУЛ: Z-15978320987.A4478851000 Склад: 4_488_PL. б/у.",488,б/у,10-14 дня,https://motoallegro.net/ru/detail/prod-15978320987/
другой (0000),0051791937501,Бампер передний,"Mercedes A W464 2012г.в., , , ,. Будьте готовы назвать АРТИКУЛ: Z-15978131456.0051791937501 Склад: 4_6285_PL. новая.",6285,новая,10-14 дня,https://motoallegro.net/ru/detail/prod-15978131456/
другой (0000),0051791939000,Бампер передний,"Mercedes A W464 2012г.в., , , ,. Будьте готовы назвать АРТИКУЛ: Z-15977810416.0051791939000 Склад: 4_13522_PL. новая.",13522,новая,10-14 дня,https://motoallegro.net/ru/detail/prod-15977810416/
mercedes-benz с,A2178851025,Бампер передний,"Mercedes A W217 2012г.в., , , ,. Будьте готовы назвать АРТИКУЛ: Z-15977660957.A2178851025 Склад: 4_2464_PL. б/у.",2464,б/у,10-14 дня,https://motoallegro.net/ru/detail/prod-15977660957/
mercedes-benz с,A222880,Бампер передний,"Mercedes A 222 2012г.в., , , ,. Будьте готовы назвать АРТИКУЛ: Z-15977550735.A222880 Склад: 4_4354_PL. б/у.",4354,б/у,10-14 дня,https://motoallegro.net/ru/detail/prod-15977550735/
mercedes-benz с,A222880,Бампер передний,"Mercedes A 222 2012г.в., , , ,. Будьте готовы назвать АРТИКУЛ: Z-15977540214.A222880 Склад: 4_4692_PL. б/у.",4692,б/у,10-14 дня,https://motoallegro.net/ru/detail/prod-15977540214/
mercedes-benz с,A2058850925,Бампер передний,"Mercedes A W205 2012г.в., , , ,. Будьте готовы назвать АРТИКУЛ: Z-15977530405.A2058850925 Склад: 4_492_PL. б/у.",492,б/у,10-14 дня,https://motoallegro.net/ru/detail/prod-15977530405/
mercedes-benz с,A2058851101,Бампер передний,"Mercedes A W205 2012г.в., , , ,. Будьте готовы назвать АРТИКУЛ: Z-15977464044.A2058851101 Склад: 4_199_PL. б/у.",199,б/у,10-14 дня,https://motoallegro.net/ru/detail/prod-15977464044/
mercedes-benz с,A2068857001,крепления для Бампер передний,"Mercedes A 206 2012г.в., , , ,. Будьте готовы назвать АРТИКУЛ: Z-15977397405.A2068857001 Склад: 4_53_PL. б/у.",53,б/у,10-14 дня,https://motoallegro.net/ru/detail/prod-15977397405/
mercedes-benz с,A2468850525,Бампер передний,"Mercedes A W246 2012г.в., , , ,. Будьте готовы назвать АРТИКУЛ: Z-12822029168.A2468850525 Склад: 4_151_PL. б/у.",151,б/у,10-14 дня,https://motoallegro.net/ru/detail/prod-12822029168/
mercedes-benz с,A2468800600,Бампер передний,"Mercedes A W246 2012г.в., , , ,. Будьте готовы назвать АРТИКУЛ: Z-15976614181.A2468800600 Склад: 4_2047_PL. новая.",2047,новая,10-14 дня,https://motoallegro.net/ru/detail/prod-15976614181/
mercedes-benz с,A1768853625,Бампер передний,"Mercedes A W176 2012г.в., , , ,. Будьте готовы назвать АРТИКУЛ: Z-14223481407.A1768853625 Склад: 4_208_PL. новая.",208,новая,10-14 дня,https://motoallegro.net/ru/detail/prod-14223481407/
mercedes-benz с,W213,Бампер передний,"Mercedes A W213 2012г.в., , , ,. Будьте готовы назвать АРТИКУЛ: Z-15976238818.W213 Склад: 4_167_PL. новая.",167,новая,10-14 дня,https://motoallegro.net/ru/detail/prod-15976238818/
polcar,A2038850025,Бампер передний,"Mercedes A W203 2012г.в., , , ,. Будьте готовы назвать АРТИКУЛ: Z-15976149207.A2038850025 Склад: 4_470_PL. новая.",470,новая,10-14 дня,https://motoallegro.net/ru/detail/prod-15976149207/
polcar,A20588001409999,Бампер передний,"Mercedes A W205 2012г.в., , , ,. Будьте готовы назвать АРТИКУЛ: Z-15976148152.A20588001409999 Склад: 4_338_PL. новая.",338,новая,10-14 дня,https://motoallegro.net/ru/detail/prod-15976148152/
polcar,A1408801970,Бампер передний,"Mercedes бампер передний mercedes бензин s-kl w140 04.91-- !!!!!!! !!!!!!!!г.в., , , ,. Будьте готовы назвать АРТИКУЛ: Z-15976145943.A1408801970 Склад: 4_886_PL. новая.",886,новая,10-14 дня,https://motoallegro.net/ru/detail/prod-15976145943/
mercedes-benz с,W176,Бампер передний,"Mercedes A W176 2012г.в., , , ,. Будьте готовы назвать АРТИКУЛ: Z-15969162591.W176 Склад: 4_130_PL. б/у.",130,б/у,10-14 дня,https://motoallegro.net/ru/detail/prod-15969162591/
mercedes-benz с,A2068859201,Бампер передний,"Mercedes A W206 2012г.в., , , ,. Будьте готовы назвать АРТИКУЛ: Z-15975964126.A2068859201 Склад: 4_1942_PL. новая.",1942,новая,10-14 дня,https://motoallegro.net/ru/detail/prod-15975964126/
другой (0000),0051791937501,Бампер передний,"Mercedes A W464 2012г.в., , , ,. Будьте готовы назвать АРТИКУЛ: Z-15961190941.0051791937501 Склад: 4_6285_PL. новая.",6285,новая,10-14 дня,https://motoallegro.net/ru/detail/prod-15961190941/
mercedes-benz с,A4478851100,Бампер передний,"Mercedes A 447 2012г.в., , , ,. Будьте готовы назвать АРТИКУЛ: Z-15934035114.A4478851100 Склад: 4_3544_PL. б/у.",3544,б/у,10-14 дня,https://motoallegro.net/ru/detail/prod-15934035114/
mercedes-benz с,A1778858705,Бампер передний,"Mercedes A W177 2012г.в., , , ,. Будьте готовы назвать АРТИКУЛ: Z-15522257239.A1778858705 Склад: 4_247_PL. б/у.",247,б/у,10-14 дня,https://motoallegro.net/ru/detail/prod-15522257239/
mercedes-benz с,A2228856100,Бампер передний,"Mercedes A W222 2012г.в., , , ,. Будьте готовы назвать АРТИКУЛ: Z-15733303377.A2228856100 Склад: 4_318_PL. б/у.",318,б/у,10-14 дня,https://motoallegro.net/ru/detail/prod-15733303377/
mercedes-benz с,A2178801447,Бампер передний,"Mercedes A A217 2012г.в., , , ,. Будьте готовы назвать АРТИКУЛ: Z-13638351486.A2178801447 Склад: 4_2046_PL. б/у.",2046,б/у,10-14 дня,https://motoallegro.net/ru/detail/prod-13638351486/
mercedes-benz с,A16988850525,Бампер передний,"Mercedes бампер передний mercedes a класс w169 2004 2005 2006 2007 2008 !!!!!!! !!!!!!!!г.в., , , ,. Будьте готовы назвать АРТИКУЛ: Z-15980395369.A16988850525 Склад: 4_129_PL. б/у.",129,б/у,10-14 дня,https://motoallegro.net/ru/detail/prod-15980395369/
mercedes-benz с,A1568800035-01,Бампер передний,"Mercedes mercedes gla в 156 перед рестайлинг бампер перед передний в цвет состояние новое оригинал m !!!!!!! !!!!!!!!г.в., , , ,. Будьте готовы назвать АРТИКУЛ: Z-15980256870.A1568800035-01 Склад: 4_875_PL. новая.",875,новая,10-14 дня,https://motoallegro.net/ru/detail/prod-15980256870/
mercedes-benz с,A2458859825-1,Бампер передний,"Mercedes mercedes b класс в 245 рестайлинг бампер перед передний ксенон парктроники хром оригинал !!!!!!! !!!!!!!!г.в., , , ,. Будьте готовы назвать АРТИКУЛ: Z-15980239949.A2458859825-1 Склад: 4_959_PL. новая.",959,новая,10-14 дня,https://motoallegro.net/ru/detail/prod-15980239949/
mercedes-benz с,A4478205699-1,Бампер передний,"Mercedes A 447 2012г.в., , , ,. Будьте готовы назвать АРТИКУЛ: Z-15980177232.A4478205699-1 Склад: 4_875_PL. новая.",875,новая,10-14 дня,https://motoallegro.net/ru/detail/prod-15980177232/
mercedes-benz с,A1766205599-2,Бампер передний,"Mercedes mercedes a класс в 176 по рестайлинг 45 mercedes бампер перед передний идеал оригинал !!!!!!! !!!!!!!!г.в., , , ,. Будьте готовы назвать АРТИКУЛ: Z-15980144638.A1766205599-2 Склад: 4_579_PL. новая.",579,новая,10-14 дня,https://motoallegro.net/ru/detail/prod-15980144638/
mercedes-benz с,A2139051500,Бампер передний,"Mercedes mercedes w238 кабриолет купе бампер перед передний датчик комплект проводов дефлектор !!!!!!! !!!!!!!!г.в., , , ,. Будьте готовы назвать АРТИКУЛ: Z-15980135508.A2139051500 Склад: 4_762_PL. новая.",762,новая,10-14 дня,https://motoallegro.net/ru/detail/prod-15980135508/
mercedes-benz с,A1766205599-03,Бампер передний,"Mercedes mercedes a класс в 176 по рестайлинг mercedes бампер перед передний под парктроники оригинал m !!!!!!! !!!!!!!!г.в., , , ,. Будьте готовы назвать АРТИКУЛ: Z-15980135104.A1766205599-03 Склад: 4_446_PL. новая.",446,новая,10-14 дня,https://motoallegro.net/ru/detail/prod-15980135104/
mercedes-benz с,A2466205599-02,Бампер передний,"Mercedes mercedes b класс в 246 рестайлинг бампер перед передний без датчиков парктроники оригинал !!!!!!! !!!!!!!!г.в., , , ,. Будьте готовы назвать АРТИКУЛ: Z-15980097005.A2466205599-02 Склад: 4_446_PL. новая.",446,новая,10-14 дня,https://motoallegro.net/ru/detail/prod-15980097005/
mercedes-benz с,A2468850525,Бампер передний,"Mercedes A W246 2012г.в., , , ,. Будьте готовы назвать АРТИКУЛ: Z-15979990711.A2468850525 Склад: 4_474_PL. б/у.",474,б/у,10-14 дня,https://motoallegro.net/ru/detail/prod-15979990711/
mercedes-benz с,A2478857102,Бампер передний,"Mercedes A W247 2012г.в., , , ,. Будьте готовы назвать АРТИКУЛ: Z-14460106783.A2478857102 Склад: 4_210_PL. б/у.",210,б/у,10-14 дня,https://motoallegro.net/ru/detail/prod-14460106783/
mercedes-benz с,A1778851905,Бампер передний,"Mercedes A W177 2012г.в., , , ,. Будьте готовы назвать АРТИКУЛ: Z-15419411166.A1778851905 Склад: 4_471_PL. б/у.",471,б/у,10-14 дня,https://motoallegro.net/ru/detail/prod-15419411166/
mercedes-benz с,1778856500,Бампер передний,"Mercedes A W177 2012г.в., , , ,. Будьте готовы назвать АРТИКУЛ: Z-15979270527.1778856500 Склад: 4_33_PL. б/у.",33,б/у,10-14 дня,https://motoallegro.net/ru/detail/prod-15979270527/
nty,EDS-ME-064,Бампер передний,"   г.в., , , ,. Будьте готовы назвать АРТИКУЛ: Z-15979103480.EDS-ME-064 Склад: 4_27_PL. новая.",27,новая,10-14 дня,https://motoallegro.net/ru/detail/prod-15979103480/
mercedes-benz с,A2128853674,Бампер передний,"Mercedes A W212 2012г.в., , , ,. Будьте готовы назвать АРТИКУЛ: Z-15964261780.A2128853674 Склад: 4_516_PL. б/у.",516,б/у,10-14 дня,https://motoallegro.net/ru/detail/prod-15964261780/
mercedes-benz с,A2138850238,Бампер передний,"Mercedes A W213 2012г.в., , , ,. Будьте готовы назвать АРТИКУЛ: Z-15978897818.A2138850238 Склад: 4_239_PL. б/у.",239,б/у,10-14 дня,https://motoallegro.net/ru/detail/prod-15978897818/
mercedes-benz с,A2058856002,Бампер передний,"Mercedes A W205 2012г.в., , , ,. Будьте готовы назвать АРТИКУЛ: Z-15978797549.A2058856002 Склад: 4_229_PL. б/у.",229,б/у,10-14 дня,https://motoallegro.net/ru/detail/prod-15978797549/
fast,FT91032G,Бампер передний,"Mercedes A 906 2012г.в., , , ,. Будьте готовы назвать АРТИКУЛ: Z-15978745822.FT91032G Склад: 4_181_PL. новая.",181,новая,10-14 дня,https://motoallegro.net/ru/detail/prod-15978745822/
